City_ID,City,Country,Date,Lat,Lng,Max Temp,Humidity,Cloudiness,Wind Speed
0,Kapaa,US,2021-11-12 22:25:13,22.0752,-159.319,82.38,69,40,3.0
1,Bluff,NZ,2021-11-12 22:25:19,-46.6,168.3333,50.43,91,100,18.45
2,Longyearbyen,SJ,2021-11-12 22:30:01,78.2186,15.6401,6.64,66,20,9.22
3,Soyo,AO,2021-11-12 22:30:01,-6.1349,12.3689,78.22,85,20,8.75
4,Rikitea,PF,2021-11-12 22:30:02,-23.1203,-134.9692,74.16,62,42,6.71
5,Itacoatiara,BR,2021-11-12 22:30:03,-3.1431,-58.4442,76.5,92,88,0.98
6,Torbay,CA,2021-11-12 22:30:03,47.6666,-52.7314,34.75,80,75,12.66
7,Aleksandrov Gay,RU,2021-11-12 22:30:04,50.147,48.5704,34.09,97,99,16.44
8,Flinders,AU,2021-11-12 22:30:05,-34.5833,150.8552,62.19,65,99,7.0
9,Provideniya,RU,2021-11-12 22:30:05,64.3833,-173.3,18.36,93,98,1.61
10,Hilo,US,2021-11-12 22:30:06,19.7297,-155.09,80.8,72,80,8.01
11,Khatanga,RU,2021-11-12 22:25:34,71.9667,102.5,-22.45,96,95,5.03
12,Busselton,AU,2021-11-12 22:30:07,-33.65,115.3333,52.05,61,46,14.23
13,Kruisfontein,ZA,2021-11-12 22:26:26,-34.0033,24.7314,56.88,91,30,3.78
14,Barabash,RU,2021-11-12 22:30:07,43.2,131.4833,17.28,52,13,2.44
15,Grajau,BR,2021-11-12 22:30:08,-5.8194,-46.1386,80.82,68,72,3.29
16,Kendallville,US,2021-11-12 22:30:08,41.4414,-85.265,40.32,82,90,19.57
17,Biritiba-Mirim,BR,2021-11-12 22:30:09,-23.5698,-46.0407,62.08,92,87,5.82
18,Swan River,CA,2021-11-12 22:30:09,52.1058,-101.2676,24.69,93,96,3.44
19,Zhangjiakou,CN,2021-11-12 22:30:10,40.81,114.8794,25.83,79,7,3.58
20,Vaini,TO,2021-11-12 22:25:54,-21.2,-175.2,82.56,78,75,6.91
21,Ushuaia,AR,2021-11-12 22:25:19,-54.8,-68.3,53.26,58,40,12.66
22,Jamestown,US,2021-11-12 22:30:10,42.097,-79.2353,51.12,56,1,5.99
23,Pevek,RU,2021-11-12 22:30:11,69.7008,170.3133,12.36,94,99,7.94
24,Garissa,KE,2021-11-12 22:30:11,-0.4536,39.6401,77.83,75,68,11.72
25,Harper,LR,2021-11-12 22:30:11,4.375,-7.7169,78.22,88,82,6.91
26,Hermanus,ZA,2021-11-12 22:30:12,-34.4187,19.2345,63.9,87,65,4.5
27,Meulaboh,ID,2021-11-12 22:30:12,4.1363,96.1285,73.9,90,93,3.94
28,Iqaluit,CA,2021-11-12 22:30:13,63.7506,-68.5145,13.73,85,90,5.99
29,Mundra,IN,2021-11-12 22:30:13,22.85,69.7333,77.43,35,45,6.93
30,Wawa,NG,2021-11-12 22:30:13,9.9022,4.4192,81.43,48,100,5.06
31,Axim,GH,2021-11-12 22:30:14,4.8699,-2.2405,78.94,87,53,5.61
32,Ibra,OM,2021-11-12 22:30:14,22.6906,58.5334,69.22,42,0,5.97
33,Thompson,CA,2021-11-12 22:25:26,55.7435,-97.8558,23.16,80,90,5.75
34,Hithadhoo,MV,2021-11-12 22:26:10,-0.6,73.0833,81.36,78,16,11.34
35,Muisne,EC,2021-11-12 22:30:15,0.6,-80.0333,80.71,83,87,7.94
36,Sur,OM,2021-11-12 22:30:15,22.5667,59.5289,76.08,52,0,6.96
37,Jacareacanga,BR,2021-11-12 22:30:16,-6.2222,-57.7528,74.57,88,79,2.15
38,Cape Town,ZA,2021-11-12 22:30:16,-33.9258,18.4232,67.08,73,75,1.01
39,Peniche,PT,2021-11-12 22:30:17,39.3558,-9.3811,58.62,93,6,8.43
40,Lavrentiya,RU,2021-11-12 22:30:17,65.5833,-171.0,13.14,89,98,0.96
41,Muros,ES,2021-11-12 22:27:17,42.7762,-9.0603,57.83,91,35,7.72
42,Yarada,IN,2021-11-12 22:30:18,17.65,83.2667,76.95,93,100,11.83
43,Mount Isa,AU,2021-11-12 22:25:41,-20.7333,139.5,65.97,39,0,16.11
44,Namibe,AO,2021-11-12 22:30:19,-15.1961,12.1522,68.74,88,8,7.34
45,Bredasdorp,ZA,2021-11-12 22:30:19,-34.5322,20.0403,60.28,81,72,5.17
46,Faanui,PF,2021-11-12 22:30:20,-16.4833,-151.75,78.42,68,79,11.25
47,Santa Rosa,PH,2021-11-12 22:30:20,14.3122,121.1114,80.85,79,98,11.65
48,Ilulissat,GL,2021-11-12 22:30:21,69.2167,-51.1,10.42,40,20,13.8
49,Carnarvon,AU,2021-11-12 22:30:21,-24.8667,113.6333,69.87,68,14,11.5
50,Laguna,US,2021-11-12 22:30:21,38.421,-121.4238,79.21,78,1,1.01
51,Ushtobe,KZ,2021-11-12 22:30:22,45.2514,77.9838,38.19,69,20,4.27
52,Yar-Sale,RU,2021-11-12 22:26:36,66.8333,70.8333,14.95,97,100,2.66
53,Georgetown,MY,2021-11-12 22:29:42,5.4112,100.3354,76.95,98,40,2.3
54,Pangody,RU,2021-11-12 22:30:23,65.85,74.4859,13.73,94,100,11.36
55,Albany,US,2021-11-12 22:27:08,42.6001,-73.9662,50.16,82,48,5.95
56,Atuona,PF,2021-11-12 22:30:23,-9.8,-139.0333,78.26,72,20,11.72
57,Road Town,VG,2021-11-12 22:30:24,18.4167,-64.6167,82.49,83,40,8.05
58,Carauari,BR,2021-11-12 22:30:24,-4.8828,-66.8958,71.37,99,100,0.18
59,Port Elizabeth,ZA,2021-11-12 22:28:18,-33.918,25.5701,59.09,90,26,5.32
60,Amapa,BR,2021-11-12 22:30:25,1.0,-52.0,80.92,57,49,5.55
61,Cidreira,BR,2021-11-12 22:30:25,-30.1811,-50.2056,64.89,66,90,17.47
62,New Norfolk,AU,2021-11-12 22:30:26,-42.7826,147.0587,52.92,65,94,1.99
63,Lodwar,KE,2021-11-12 22:30:26,3.1191,35.5973,85.08,43,74,15.26
64,Severo-Kurilsk,RU,2021-11-12 22:30:26,50.6789,156.125,42.1,96,100,10.0
65,Port Hardy,CA,2021-11-12 22:30:27,50.6996,-127.4199,48.38,87,90,6.91
66,Tuktoyaktuk,CA,2021-11-12 22:30:27,69.4541,-133.0374,12.2,85,90,6.91
67,San Patricio,US,2021-11-12 22:30:28,28.017,-97.5169,86.09,44,0,6.62
68,Phalodi,IN,2021-11-12 22:30:28,27.1333,72.3667,70.5,21,0,6.67
69,Hobart,AU,2021-11-12 22:30:28,-42.8794,147.3294,53.26,78,75,1.01
70,Butaritari,KI,2021-11-12 22:30:29,3.0707,172.7902,82.94,69,85,10.69
71,Ponta Do Sol,PT,2021-11-12 22:30:29,32.6667,-17.1,66.83,66,40,5.53
72,Puerto Ayora,EC,2021-11-12 22:30:30,-0.7393,-90.3518,75.16,83,51,9.46
73,Buchanan,LR,2021-11-12 22:30:30,5.8808,-10.0467,78.76,87,98,6.44
74,Ribeira Grande,PT,2021-11-12 22:30:31,38.5167,-28.7,68.76,85,100,21.85
75,Salinas,US,2021-11-12 22:30:31,36.6777,-121.6555,78.96,53,1,8.05
76,Tagusao,PH,2021-11-12 22:30:31,9.1924,117.8141,78.55,82,100,4.18
77,Norman Wells,CA,2021-11-12 22:30:32,65.282,-126.8329,15.84,79,90,11.5
78,Airai,TL,2021-11-12 22:30:32,-8.9266,125.4092,68.02,81,99,1.23
79,Inhambane,MZ,2021-11-12 22:30:33,-23.865,35.3833,72.88,85,91,13.53
80,Parrita,CR,2021-11-12 22:30:33,9.5201,-84.3225,89.37,83,28,3.04
81,Mataura,NZ,2021-11-12 22:30:33,-46.1927,168.8643,52.23,99,100,4.03
82,Los Llanos De Aridane,ES,2021-11-12 22:26:22,28.6585,-17.9182,64.15,78,75,9.22
83,Mackay,AU,2021-11-12 22:30:34,-21.15,149.2,75.18,53,40,16.11
84,Barrow,US,2021-11-12 22:30:34,71.2906,-156.7887,15.82,79,90,5.75
85,Lorengau,PG,2021-11-12 22:30:35,-2.0226,147.2712,84.49,72,62,2.8
86,Souillac,MU,2021-11-12 22:30:35,-20.5167,57.5167,73.36,88,20,4.61
87,Uray,RU,2021-11-12 22:30:36,60.1247,64.7758,26.89,92,63,10.98
88,Arenzano,IT,2021-11-12 22:30:36,44.4052,8.6832,60.96,84,0,4.0
89,Merauke,ID,2021-11-12 22:30:37,-8.4667,140.3333,84.22,75,97,6.35
90,Bilma,NE,2021-11-12 22:30:37,18.6853,12.9164,78.73,14,76,3.11
91,Americus,US,2021-11-12 22:30:37,32.0724,-84.2327,72.55,35,0,0.0
92,Nikolskoye,RU,2021-11-12 22:30:38,59.7035,30.7861,39.09,87,100,7.29
93,Brive-La-Gaillarde,FR,2021-11-12 22:30:38,45.25,1.5,50.27,98,42,1.5
94,Asfi,MA,2021-11-12 22:30:39,32.2994,-9.2372,61.52,76,1,11.25
95,Quatre Cocos,MU,2021-11-12 22:30:39,-20.2078,57.7625,73.09,79,37,7.47
96,Jardim,BR,2021-11-12 22:30:40,-21.4803,-56.1381,78.82,64,93,7.2
97,Sorong,ID,2021-11-12 22:30:40,-0.8833,131.25,81.05,82,100,7.27
98,Avarua,CK,2021-11-12 22:30:40,-21.2078,-159.775,78.85,78,100,12.66
99,Bukachacha,RU,2021-11-12 22:30:41,52.9833,116.9167,18.9,90,8,2.53
100,Shimoda,JP,2021-11-12 22:30:41,34.6667,138.95,53.1,60,1,16.75
101,Luderitz,NA,2021-11-12 22:30:42,-26.6481,15.1594,65.75,63,21,17.22
102,Saint George,US,2021-11-12 22:25:52,37.1041,-113.5841,77.47,28,1,4.0
103,Ketchikan,US,2021-11-12 22:30:42,55.3422,-131.6461,46.87,93,90,10.36
104,Praia,CV,2021-11-12 22:30:43,14.9215,-23.5087,75.74,73,20,8.05
105,Tekeli,KZ,2021-11-12 22:30:43,44.83,78.8239,36.7,45,1,7.27
106,Ialibu,PG,2021-11-12 22:30:44,-6.2821,143.9935,57.83,94,98,1.07
107,Avera,US,2021-11-12 22:30:44,33.194,-82.5271,66.7,36,0,4.0
108,Hami,CN,2021-11-12 22:30:44,42.8,93.45,27.93,54,0,4.76
109,Alihe,CN,2021-11-12 22:30:45,50.5667,123.7167,25.21,65,99,2.35
110,Zlitan,LY,2021-11-12 22:30:46,32.4674,14.5687,66.33,54,7,3.42
111,Asau,RO,2021-11-12 22:30:46,46.4333,26.4,38.75,54,54,1.52
112,Pisco,PE,2021-11-12 22:30:46,-13.7,-76.2167,66.25,77,0,23.02
113,Kyshtovka,RU,2021-11-12 22:30:47,56.555,76.6271,21.4,91,89,11.77
114,Vestmannaeyjar,IS,2021-11-12 22:30:47,63.4427,-20.2734,41.29,78,100,25.23
115,Rey Bouba,CM,2021-11-12 22:30:48,8.6724,14.1786,77.97,36,81,0.65
116,Soto,AR,2021-11-12 22:30:48,-32.8107,-61.4026,79.88,30,0,8.34
117,Flin Flon,CA,2021-11-12 22:30:48,54.7682,-101.865,24.64,68,90,5.75
118,Chokurdakh,RU,2021-11-12 22:30:49,70.6333,147.9167,-2.72,94,100,8.75
119,Geraldton,AU,2021-11-12 22:30:49,-28.7667,114.6,59.41,58,0,10.36
120,Monroe,US,2021-11-12 22:29:11,43.1501,-77.6831,52.95,58,75,3.44
121,Qaanaaq,GL,2021-11-12 22:30:50,77.484,-69.3632,-6.79,59,0,9.71
122,Chicla,PE,2021-11-12 22:30:50,-11.705,-76.2686,43.57,83,100,5.39
123,Komsomolskiy,UZ,2021-11-12 22:30:51,40.4272,71.7189,38.62,60,60,4.61
124,Sangar,RU,2021-11-12 22:30:51,63.9242,127.4739,-13.79,99,100,2.44
125,Port Alfred,ZA,2021-11-12 22:30:52,-33.5906,26.891,61.74,86,13,5.88
126,Bengkulu,ID,2021-11-12 22:30:52,-3.8004,102.2655,75.31,89,94,3.69
127,Malanje,AO,2021-11-12 22:30:53,-9.5402,16.341,64.38,95,98,2.86
128,Kysyl-Syr,RU,2021-11-12 22:30:54,63.8986,122.7617,-4.83,95,100,4.32
129,Lebu,CL,2021-11-12 22:30:54,-37.6167,-73.65,54.12,81,98,9.44
130,Cacule,BR,2021-11-12 22:30:54,-14.5033,-42.2222,76.08,64,98,3.49
131,Byron Bay,AU,2021-11-12 22:26:26,-28.65,153.6167,69.75,50,0,15.35
132,Coahuayana,MX,2021-11-12 22:30:55,18.7333,-103.6833,89.08,72,42,4.45
133,Berani,PK,2021-11-12 22:30:55,25.785,68.8069,60.89,20,0,5.93
134,Narsaq,GL,2021-11-12 22:30:56,60.9167,-46.05,19.62,67,98,6.4
135,Saldanha,ZA,2021-11-12 22:30:56,-33.0117,17.9442,62.74,94,55,14.74
136,Punta Arenas,CL,2021-11-12 22:30:36,-53.15,-70.9167,59.11,44,20,17.27
137,Black River,JM,2021-11-12 22:30:57,18.0264,-77.8487,80.6,79,20,7.45
138,Bima,ID,2021-11-12 22:30:57,-8.4667,118.7167,79.2,87,100,4.41
139,Ishikawa,JP,2021-11-12 22:30:58,26.4233,127.8214,66.16,80,75,8.05
140,Erenhot,CN,2021-11-12 22:30:58,43.6475,111.9767,25.2,69,57,10.27
141,Zlotow,PL,2021-11-12 22:30:59,53.3635,17.0408,44.04,89,95,9.95
142,Pandan,PH,2021-11-12 22:30:59,14.0453,124.1694,80.1,87,80,12.17
143,Chuy,UY,2021-11-12 22:26:55,-33.6971,-53.4616,60.35,65,85,12.01
144,Khani,GE,2021-11-12 22:31:00,41.9563,42.9566,29.77,65,7,4.05
145,Poindimie,NC,2021-11-12 22:31:00,-20.9333,165.3333,81.82,69,77,5.68
146,Mar Del Plata,AR,2021-11-12 22:26:33,-38.0023,-57.5575,66.09,84,0,7.0
147,Deputatskiy,RU,2021-11-12 22:28:44,69.3,139.9,-4.59,99,100,3.49
148,Poum,NC,2021-11-12 22:31:01,-20.2333,164.0167,79.03,79,45,13.69
149,Teberda,RU,2021-11-12 22:31:01,43.4456,41.7448,39.81,66,54,4.03
150,Arraial Do Cabo,BR,2021-11-12 22:31:02,-22.9661,-42.0278,69.66,64,75,6.91
151,Solnechnyy,RU,2021-11-12 22:31:02,50.7214,136.6319,19.74,91,76,3.49
152,Ouesso,CG,2021-11-12 22:31:03,1.6136,16.0517,70.03,98,81,2.44
153,Huicungo,PE,2021-11-12 22:31:03,-7.2833,-76.8,76.5,81,73,2.39
154,Tomatlan,MX,2021-11-12 22:31:04,19.9333,-105.25,81.46,73,36,5.79
155,Praia Da Vitoria,PT,2021-11-12 22:31:04,38.7333,-27.0667,70.05,83,75,23.91
156,Mogadishu,SO,2021-11-12 22:30:45,2.0371,45.3438,79.9,75,99,11.9
157,Redcar,GB,2021-11-12 22:31:05,54.6166,-1.06,54.37,91,96,7.0
158,Noyabrsk,RU,2021-11-12 22:31:05,63.1994,75.4507,13.71,94,100,14.97
159,Sao Filipe,CV,2021-11-12 22:31:06,14.8961,-24.4956,76.59,72,25,9.19
160,Moose Factory,CA,2021-11-12 22:31:06,51.2585,-80.6094,35.6,93,90,9.22
161,Leningradskiy,RU,2021-11-12 22:29:15,69.3833,178.4167,7.43,92,97,4.07
162,Anadyr,RU,2021-11-12 22:31:07,64.75,177.4833,23.5,92,90,4.0
163,Tessalit,ML,2021-11-12 22:26:14,20.1986,1.0114,71.06,14,98,7.99
164,Vardo,NO,2021-11-12 22:31:07,70.3705,31.1107,21.4,56,90,6.93
165,Guerrero Negro,MX,2021-11-12 22:30:32,27.9769,-114.0611,84.24,23,3,7.31
166,Ocos,GT,2021-11-12 22:31:08,14.5094,-92.1933,90.1,68,0,4.47
167,Locri,IT,2021-11-12 22:31:08,38.2414,16.2623,63.75,86,99,1.83
168,Mayumba,GA,2021-11-12 22:31:09,-3.432,10.6554,77.56,91,100,3.51
169,Anavra,GR,2021-11-12 22:31:09,39.2,22.0833,44.01,60,0,2.46
170,Stary Sacz,PL,2021-11-12 22:31:10,49.5636,20.635,45.82,91,4,4.59
171,Kishi,NG,2021-11-12 22:31:10,9.0833,3.85,79.41,55,100,4.52
172,Grootfontein,NA,2021-11-12 22:31:11,-19.5667,18.1167,74.77,41,100,5.75
173,Araouane,ML,2021-11-12 22:31:11,18.9048,-3.5265,75.61,9,100,9.1
174,Puerto Escondido,MX,2021-11-12 22:26:12,15.85,-97.0667,85.03,61,1,4.61
175,Vila Do Maio,CV,2021-11-12 22:31:12,15.1333,-23.2167,75.99,71,51,11.9
176,Bitung,ID,2021-11-12 22:31:12,1.4451,125.1824,76.05,80,100,2.68
177,Ancud,CL,2021-11-12 22:31:12,-41.8697,-73.8203,54.93,88,100,3.15
178,Victoria,HK,2021-11-12 22:30:18,22.2855,114.1577,70.32,54,100,1.99
179,Okha,RU,2021-11-12 22:31:13,53.5739,142.9478,31.78,96,99,13.02
180,Santa Isabel Do Rio Negro,BR,2021-11-12 22:31:14,-0.4139,-65.0192,75.61,95,100,1.36
181,Mahon,ES,2021-11-12 22:31:14,39.8885,4.2658,59.56,88,75,10.36
182,Bara,NG,2021-11-12 22:31:14,10.3744,10.7288,76.42,22,7,2.44
183,Ananas,HT,2021-11-12 22:31:15,19.2466,-71.9557,73.18,82,34,3.94
184,Talkha,EG,2021-11-12 22:31:15,31.0539,31.3779,64.38,61,89,5.82
185,Saskylakh,RU,2021-11-12 22:31:16,71.9167,114.0833,-24.63,98,18,4.97
186,Amga,RU,2021-11-12 22:31:16,60.8953,131.9608,3.02,96,100,1.99
187,Nemuro,JP,2021-11-12 22:28:06,43.3236,145.575,43.95,73,3,18.48
188,Ericeira,PT,2021-11-12 22:31:17,38.9627,-9.4156,58.35,97,5,8.1
189,Sault Sainte Marie,CA,2021-11-12 22:29:59,46.5168,-84.3333,39.76,83,75,0.0
190,Buala,SB,2021-11-12 22:31:17,-8.145,159.5921,85.1,71,67,5.5
191,Albert Lea,US,2021-11-12 22:31:18,43.648,-93.3683,36.32,93,90,13.8
192,Mount Gambier,AU,2021-11-12 22:28:30,-37.8333,140.7667,51.71,76,40,13.8
193,Istok,XK,2021-11-12 22:31:18,42.7808,20.4875,45.16,66,77,1.32
194,Zhangye,CN,2021-11-12 22:31:19,38.9342,100.4517,29.12,35,6,1.21
195,Berlevag,NO,2021-11-12 22:31:19,70.8578,29.0864,21.15,73,20,9.22
196,Vicuna,CL,2021-11-12 22:31:20,-30.0319,-70.7081,75.78,39,0,6.04
197,Aginskoye,RU,2021-11-12 22:31:20,51.1,114.53,26.82,74,39,17.52
198,Dikson,RU,2021-11-12 22:26:33,73.5069,80.5464,9.07,94,100,17.54
199,Dingle,PH,2021-11-12 22:31:21,10.9995,122.6711,78.12,90,81,8.28
200,Lamar,US,2021-11-12 22:31:21,33.6668,-95.5836,64.06,31,1,10.36
201,Gao,ML,2021-11-12 22:31:22,16.6362,1.637,76.8,9,91,10.31
202,Pandaria,IN,2021-11-12 22:31:22,22.2333,81.4167,69.35,80,100,1.81
203,Bairiki,KI,2021-11-12 22:31:22,1.3292,172.9752,86.0,66,20,12.66
204,Waingapu,ID,2021-11-12 22:31:23,-9.6567,120.2641,80.83,79,91,6.51
205,Zhezkazgan,KZ,2021-11-12 22:31:23,47.8043,67.7144,23.59,57,24,7.23
206,Galle,LK,2021-11-12 22:31:24,6.0367,80.217,79.27,82,71,11.45
207,Cove,BJ,2021-11-12 22:31:24,7.221,2.3402,76.37,91,22,4.72
208,Nanortalik,GL,2021-11-12 22:31:25,60.1432,-45.2371,25.3,61,100,3.29
209,East London,ZA,2021-11-12 22:26:28,-33.0153,27.9116,63.54,85,19,3.65
210,Yellowknife,CA,2021-11-12 22:27:23,62.456,-114.3525,29.41,90,90,20.71
211,Sitka,US,2021-11-12 22:31:26,57.0531,-135.33,44.49,87,90,24.16
212,Aswan,EG,2021-11-12 22:28:45,24.0934,32.907,72.9,73,74,20.94
213,Tura,IN,2021-11-12 22:31:26,25.5198,90.2201,59.34,89,34,3.47
214,Saint-Philippe,RE,2021-11-12 22:31:27,-21.3585,55.7679,71.19,80,28,9.1
215,Upernavik,GL,2021-11-12 22:31:27,72.7868,-56.1549,4.8,75,33,8.39
216,Catuday,PH,2021-11-12 22:31:27,16.2923,119.8062,78.94,76,98,10.83
217,Bilibino,RU,2021-11-12 22:28:23,68.0546,166.4372,12.79,97,99,3.11
218,Faya,SA,2021-11-12 22:31:28,18.3851,42.4509,57.31,63,0,1.86
219,Katherine,AU,2021-11-12 22:31:28,-14.4667,132.2667,82.72,61,73,9.22
220,Vilyuysk,RU,2021-11-12 22:31:29,63.7553,121.6247,-3.28,91,100,5.53
221,Lagoa,PT,2021-11-12 22:31:29,39.05,-27.9833,66.56,90,95,18.32
222,Rock Sound,BS,2021-11-12 22:31:30,24.9,-76.2,79.29,74,100,3.53
223,Castro,BR,2021-11-12 22:31:30,-24.7911,-50.0119,55.49,92,30,11.23
224,Pau Brasil,BR,2021-11-12 22:31:30,-15.4642,-39.6511,71.02,95,71,5.28
225,Xam Nua,LA,2021-11-12 22:31:31,20.4197,104.0439,56.03,91,100,2.37
226,Hasaki,JP,2021-11-12 22:31:31,35.7333,140.8333,45.0,65,25,15.03
227,Tabou,CI,2021-11-12 22:31:32,4.423,-7.3528,78.17,88,84,7.31
228,Kuala Terengganu,MY,2021-11-12 22:31:32,5.3302,103.1408,75.15,100,20,2.3
229,Mehamn,NO,2021-11-12 22:31:32,71.0357,27.8492,21.11,79,0,13.8
230,Fare,PF,2021-11-12 22:27:10,-16.7,-151.0167,78.28,66,44,9.42
231,Codrington,AU,2021-11-12 22:31:33,-38.2667,141.9667,51.49,66,100,15.9
232,Uige,AO,2021-11-12 22:31:33,-7.6087,15.0613,66.36,94,100,2.71
233,Vanimo,PG,2021-11-12 22:31:34,-2.6741,141.3028,82.35,79,92,3.62
234,Rocha,UY,2021-11-12 22:31:34,-34.4833,-54.3333,57.78,69,100,10.33
235,Petropavlovsk-Kamchatskiy,RU,2021-11-12 22:31:35,53.0452,158.6483,37.99,100,90,4.47
236,Khalkhal,IR,2021-11-12 22:31:35,37.6189,48.5258,30.18,96,75,4.88
237,Boffa,GN,2021-11-12 22:31:35,10.1667,-14.0333,73.51,83,96,4.83
238,Santa Fe,AR,2021-11-12 22:31:36,-31.6333,-60.7,83.01,30,0,1.99
239,Saint-Pierre,RE,2021-11-12 22:28:11,-21.3393,55.4781,71.28,68,0,4.61
240,Hovd,MN,2021-11-12 22:31:36,48.0056,91.6419,26.96,23,100,8.1
241,Bambanglipuro,ID,2021-11-12 22:26:45,-7.95,110.2833,76.44,90,100,1.88
242,Katangli,RU,2021-11-12 22:31:37,51.7102,143.2326,30.4,87,97,8.21
243,Emba,KZ,2021-11-12 22:31:37,48.8264,58.1442,29.39,44,100,15.97
244,Cockburn Town,TC,2021-11-12 22:31:38,21.4612,-71.1419,81.79,77,28,18.41
245,Umm Kaddadah,SD,2021-11-12 22:31:38,13.6017,26.6876,77.5,16,22,10.56
246,Bethel,US,2021-11-12 22:31:39,41.3712,-73.414,57.92,90,1,0.0
247,Kaitangata,NZ,2021-11-12 22:31:39,-46.2817,169.8464,55.92,88,100,8.95
248,Iquique,CL,2021-11-12 22:29:12,-20.2208,-70.1431,64.44,75,95,8.66
249,Lima,PE,2021-11-12 22:29:23,-12.0432,-77.0282,68.9,74,90,14.97
250,Aklavik,CA,2021-11-12 22:31:40,68.2191,-135.0107,7.52,94,100,12.39
251,Preili,LV,2021-11-12 22:31:40,56.2944,26.7246,35.08,97,18,5.28
252,Kyotera,UG,2021-11-12 22:31:41,-0.6156,31.5175,61.34,90,80,6.08
253,Vadakku Valliyur,IN,2021-11-12 22:31:41,8.3833,77.65,74.84,93,99,6.24
254,Sorland,NO,2021-11-12 22:31:41,67.667,12.6934,37.47,60,100,17.87
255,Corinto,GR,2021-11-12 22:31:42,37.9407,22.9573,56.68,76,0,0.69
256,Yarim,YE,2021-11-12 22:31:42,14.298,44.3779,49.68,32,20,5.68
257,Chicama,PE,2021-11-12 22:26:49,-7.8447,-79.1469,63.14,69,59,9.53
258,Fortuna Foothills,US,2021-11-12 22:31:43,32.6578,-114.4119,89.69,14,1,4.0
259,Abu Zabad,SD,2021-11-12 22:31:43,12.35,29.25,80.17,19,4,8.1
260,Belle Fourche,US,2021-11-12 22:31:21,44.6714,-103.8522,43.34,30,43,3.89
261,Juri,KR,2021-11-12 22:31:44,35.7504,128.6249,30.96,80,40,1.14
262,Comodoro Rivadavia,AR,2021-11-12 22:31:44,-45.8667,-67.5,66.06,27,0,9.22
263,Beyneu,KZ,2021-11-12 22:31:44,45.3167,55.2,30.7,39,73,10.56
264,Wilmington,US,2021-11-12 22:28:06,34.2257,-77.9447,69.01,63,100,1.99
265,Ajdabiya,LY,2021-11-12 22:31:45,30.7554,20.2263,66.52,58,4,6.8
266,Mahebourg,MU,2021-11-12 22:31:46,-20.4081,57.7,73.26,88,20,4.61
267,Aasiaat,GL,2021-11-12 22:31:47,68.7098,-52.8699,7.83,96,100,7.81
268,Kavieng,PG,2021-11-12 22:31:47,-2.5744,150.7967,83.79,71,98,5.61
269,Kodiak,US,2021-11-12 22:31:47,57.79,-152.4072,26.11,68,90,10.36
270,Itarema,BR,2021-11-12 22:31:48,-2.9248,-39.9167,80.71,74,13,10.98
271,San Cristobal,VE,2021-11-12 22:31:48,7.7669,-72.225,77.18,77,29,0.76
272,Adra,ES,2021-11-12 22:31:49,36.7496,-3.0206,61.81,63,5,2.19
273,Alofi,NU,2021-11-12 22:31:49,-19.0595,-169.9187,80.49,78,100,8.05
274,Silifke,TR,2021-11-12 22:31:50,36.3778,33.9344,61.93,31,17,9.64
275,Suntar,RU,2021-11-12 22:31:50,62.1444,117.6319,-6.54,96,71,4.23
276,Sobolevo,RU,2021-11-12 22:31:51,54.4299,31.8996,35.6,94,34,10.94
277,Fujin,CN,2021-11-12 22:31:51,47.26,132.0322,24.06,88,29,7.34
278,Soe,ID,2021-11-12 22:31:51,-9.8607,124.284,73.13,83,99,0.6
279,Adrar,MR,2021-11-12 22:31:52,20.5022,-10.0711,73.9,45,78,5.32
280,Pontes E Lacerda,BR,2021-11-12 22:31:52,-15.2261,-59.3353,73.58,98,100,4.14
281,Sakakah,SA,2021-11-12 22:31:53,29.9697,40.2064,58.57,30,53,8.61
282,Kanye,BW,2021-11-12 22:31:53,-24.9667,25.3327,69.51,17,20,1.86
283,Sistranda,NO,2021-11-12 22:31:54,63.7256,8.834,35.91,73,94,23.98
284,Grand-Santi,GF,2021-11-12 22:31:54,4.25,-54.3833,77.5,81,85,3.38
285,Bemidji,US,2021-11-12 22:31:54,47.4736,-94.8803,32.05,95,90,12.66
286,Salalah,OM,2021-11-12 22:31:55,17.0151,54.0924,75.29,69,0,3.44
287,Puerto Madryn,AR,2021-11-12 22:30:55,-42.7692,-65.0385,73.76,43,100,5.75
288,Vao,NC,2021-11-12 22:31:55,-22.6667,167.4833,75.06,82,9,11.05
289,Buraydah,SA,2021-11-12 22:31:56,26.326,43.975,63.05,38,46,10.38
290,Kabanjahe,ID,2021-11-12 22:31:56,3.1001,98.4908,63.36,90,100,3.27
291,Ahipara,NZ,2021-11-12 22:31:57,-35.1667,173.1667,67.05,97,100,14.47
292,Teknaf,BD,2021-11-12 22:31:57,20.8624,92.3058,75.78,77,92,2.82
293,Alegrete,BR,2021-11-12 22:30:52,-29.7831,-55.7919,71.74,62,26,14.36
294,Noumea,NC,2021-11-12 22:31:58,-22.2763,166.4572,85.98,99,75,8.12
295,Maceio,BR,2021-11-12 22:31:58,-9.6658,-35.7353,80.04,83,20,4.61
296,Algiers,DZ,2021-11-12 22:29:24,36.7525,3.042,55.22,94,75,9.22
297,Xiuyan,CN,2021-11-12 22:31:59,40.2928,123.2744,32.86,72,0,2.13
298,Fortuna,US,2021-11-12 22:31:59,40.5982,-124.1573,68.94,69,20,1.01
299,Half Moon Bay,US,2021-11-12 22:32:00,37.4636,-122.4286,77.49,70,1,3.0
300,Kovernino,RU,2021-11-12 22:32:00,57.1253,43.8142,28.96,97,100,5.08
301,Kongoussi,BF,2021-11-12 22:32:00,13.3258,-1.5347,80.92,12,89,12.86
302,Carutapera,BR,2021-11-12 22:32:01,-1.195,-46.02,78.55,80,9,5.97
303,Oistins,BB,2021-11-12 22:32:01,13.0667,-59.5333,80.69,74,20,12.66
304,Dalaba,GN,2021-11-12 22:32:02,10.7,-12.25,62.71,72,88,1.07
305,Honiara,SB,2021-11-12 22:32:02,-9.4333,159.95,86.83,66,25,3.0
306,Marawi,PH,2021-11-12 22:32:02,7.9986,124.2928,66.65,87,98,1.19
307,Clovis,US,2021-11-12 22:30:49,36.8252,-119.7029,84.13,67,20,1.99
308,Marzuq,YE,2021-11-12 22:32:03,14.4,46.4667,63.37,35,32,2.46
309,Musoma,TZ,2021-11-12 22:32:03,-1.5,33.8,69.93,77,41,7.49
310,Bogorodskoye,RU,2021-11-12 22:32:04,56.55,37.8833,36.54,97,100,13.73
311,Esperance,AU,2021-11-12 22:32:04,-33.8667,121.9,48.04,56,84,3.6
312,Itoman,JP,2021-11-12 22:32:05,26.1247,127.6694,66.22,67,75,8.05
313,The Valley,AI,2021-11-12 22:32:05,18.217,-63.0578,82.54,69,20,11.5
314,Svobodnyy,RU,2021-11-12 22:32:06,51.4,128.1333,22.19,77,100,4.61
315,Kiruna,SE,2021-11-12 22:32:06,67.8557,20.2251,23.92,93,90,2.3
316,Ettaiyapuram,IN,2021-11-12 22:32:07,9.1441,77.9907,76.12,83,84,4.27
317,Santa Clara,CU,2021-11-12 22:30:14,22.4,-79.9667,75.97,100,75,2.3
318,Nome,US,2021-11-12 22:32:07,64.5011,-165.4064,11.1,79,1,0.0
319,Tecpan,GT,2021-11-12 22:32:08,14.7623,-90.9947,63.72,83,34,3.94
320,Roma,US,2021-11-12 22:32:08,43.2128,-75.4557,48.72,85,75,0.0
321,Ulverstone,AU,2021-11-12 22:32:08,-41.15,146.1667,54.28,77,100,6.31
322,Tara,RU,2021-11-12 22:32:09,56.8944,74.371,20.86,89,50,10.16
323,Cervo,ES,2021-11-12 22:32:09,43.6702,-7.4101,55.96,88,17,2.73
324,Svetlogorsk,BY,2021-11-12 22:32:10,52.6333,29.7333,36.0,93,85,5.55
325,Tiksi,RU,2021-11-12 22:32:10,71.6872,128.8694,-8.59,100,91,0.94
326,Polewali,ID,2021-11-12 22:32:11,-3.4324,119.3435,77.97,91,98,2.08
327,Boyolangu,ID,2021-11-12 22:32:11,-8.1181,111.8935,76.64,91,100,3.58
328,Kasongo,CD,2021-11-12 22:32:12,-4.45,26.6667,68.11,94,100,2.01
329,Hamilton,US,2021-11-12 22:31:13,39.1834,-84.5333,46.63,77,90,1.01
330,La Ronge,CA,2021-11-12 22:32:12,55.1001,-105.2842,23.25,74,90,14.97
331,Tasiilaq,GL,2021-11-12 22:32:13,65.6145,-37.6368,26.76,90,100,4.32
332,Kesova Gora,RU,2021-11-12 22:32:13,57.5836,37.2922,36.1,97,100,12.57
333,Bonavista,CA,2021-11-12 22:32:13,48.6499,-53.1147,36.12,63,100,23.13
334,Coquimbo,CL,2021-11-12 22:31:26,-29.9533,-71.3436,58.73,82,75,11.5
335,Svirstroy,RU,2021-11-12 22:32:14,60.7999,33.7248,36.7,86,100,5.41
336,Broken Hill,AU,2021-11-12 22:32:14,-31.95,141.4333,53.31,76,90,19.57
337,Bonthe,SL,2021-11-12 22:32:15,7.5264,-12.505,79.48,81,89,5.41
338,Talnakh,RU,2021-11-12 22:32:15,69.4865,88.3972,8.51,89,100,14.0
339,Mujiayingzi,CN,2021-11-12 22:32:16,42.1167,118.7833,28.11,69,0,8.3
340,Husavik,IS,2021-11-12 22:32:16,66.0449,-17.3389,19.31,80,100,13.31
341,Olovo,BA,2021-11-12 22:32:16,44.13,18.5828,40.51,92,100,2.75
342,Van Wert,US,2021-11-12 22:32:17,40.8695,-84.5841,46.65,65,90,7.0
343,Bubaque,GW,2021-11-12 22:32:17,11.2833,-15.8333,82.76,69,100,8.81
344,Karpogory,RU,2021-11-12 22:32:18,64.0019,44.4451,31.06,95,100,7.67
345,Cabedelo,BR,2021-11-12 22:32:18,-6.9811,-34.8339,81.27,77,44,13.87
346,Jalu,LY,2021-11-12 22:32:18,29.0331,21.5482,64.67,52,0,6.26
347,Tilichiki,RU,2021-11-12 22:32:19,60.4667,166.1,31.19,99,100,3.89
348,Vostok,RU,2021-11-12 22:32:19,46.4856,135.8833,16.45,90,49,5.91
349,Isangel,VU,2021-11-12 22:32:20,-19.55,169.2667,82.44,71,7,2.1
350,Kahului,US,2021-11-12 22:32:20,20.8947,-156.47,84.22,63,40,6.91
351,Risor,NO,2021-11-12 22:32:21,58.7206,9.2342,42.3,87,100,8.86
352,Tautira,PF,2021-11-12 22:32:21,-17.7333,-149.15,84.22,64,73,9.86
353,Talara,PE,2021-11-12 22:32:21,-4.5772,-81.2719,68.76,77,0,17.27
354,Ponta Delgada,PT,2021-11-12 22:32:22,37.7333,-25.6667,70.5,82,82,17.13
355,Blytheville,US,2021-11-12 22:30:42,35.9273,-89.919,53.74,62,20,10.0
356,Ngorongoro,TZ,2021-11-12 22:32:22,-3.2397,35.4875,53.29,70,79,4.74
357,Matara,LK,2021-11-12 22:32:23,5.9485,80.5353,76.86,88,80,9.24
358,Malumfashi,NG,2021-11-12 22:32:23,11.7853,7.6218,72.54,22,7,3.24
359,Las Palmas,ES,2021-11-12 22:32:24,28.4204,-14.0131,65.19,68,20,9.22
360,Kaeo,NZ,2021-11-12 22:32:24,-35.1,173.7833,69.33,95,100,12.95
361,Ahuimanu,US,2021-11-12 22:32:25,21.4447,-157.8378,84.85,59,1,9.22
362,Tiarei,PF,2021-11-12 22:32:25,-17.5333,-149.3333,84.22,64,60,10.4
363,Coari,BR,2021-11-12 22:32:26,-4.085,-63.1414,74.68,97,97,2.77
364,Takoradi,GH,2021-11-12 22:32:26,4.8845,-1.7554,79.48,86,87,6.4
365,Xai-Xai,MZ,2021-11-12 22:32:27,-25.0519,33.6442,76.06,68,98,5.99
366,Cherskiy,RU,2021-11-12 22:32:27,68.75,161.3,9.5,96,100,3.8
367,Arima,TT,2021-11-12 22:32:28,10.6333,-61.2833,80.74,81,20,5.01
368,Malakal,SS,2021-11-12 22:30:07,9.5334,31.6605,79.39,58,51,2.95
369,Lompoc,US,2021-11-12 22:32:28,34.6391,-120.4579,93.34,54,1,13.8
370,Olafsvik,IS,2021-11-12 22:32:29,64.8945,-23.7142,40.26,67,100,15.17
371,Mopipi,BW,2021-11-12 22:32:29,-21.1833,24.8833,83.14,24,81,11.1
372,Diamantino,BR,2021-11-12 22:32:30,-14.4086,-56.4461,75.4,88,94,5.99
373,Hope Mills,US,2021-11-12 22:32:28,34.9704,-78.9453,70.2,48,1,3.44
374,Maraba,BR,2021-11-12 22:30:13,-5.3686,-49.1178,81.16,67,99,2.01
375,Novobirilyussy,RU,2021-11-12 22:32:30,56.9514,90.6661,27.93,97,100,3.11
376,Barstow,US,2021-11-12 22:27:52,34.8986,-117.0228,81.41,20,0,8.61
377,Baduria,IN,2021-11-12 22:32:31,22.7417,88.7858,78.73,65,100,5.95
378,Grand-Lahou,CI,2021-11-12 22:32:31,5.1367,-5.0242,78.76,87,74,8.55
379,Oga,IT,2021-11-12 22:32:32,46.4631,10.347,38.08,96,48,3.56
380,Agen,FR,2021-11-12 22:32:32,44.2,0.6333,56.52,93,12,4.23
381,Baykit,RU,2021-11-12 22:32:33,61.67,96.37,-9.38,98,89,1.48
382,Oktyabrskiy,RU,2021-11-12 22:32:33,54.4815,53.471,28.9,95,100,11.86
383,Marsaxlokk,MT,2021-11-12 22:32:33,35.8419,14.5431,56.01,88,0,2.3
384,Tevaitoa,PF,2021-11-12 22:32:34,-16.7833,-151.5,78.1,67,74,11.59
385,Camopi,GF,2021-11-12 22:32:34,3.1655,-52.3158,77.23,70,83,4.81
386,Diu,IN,2021-11-12 22:32:35,20.7141,70.9822,72.07,41,99,10.09
387,Ahvaz,IR,2021-11-12 22:30:34,31.3203,48.6693,58.95,67,0,2.3
388,Hermiston,US,2021-11-12 22:32:31,45.8404,-119.2895,69.12,94,20,6.91
389,Ostrovnoy,RU,2021-11-12 22:32:35,68.0531,39.5131,29.16,65,99,14.25
390,Mwense,ZM,2021-11-12 22:32:36,-10.3845,28.698,73.69,52,83,6.2
391,Vila Velha,BR,2021-11-12 22:32:36,-20.3297,-40.2925,66.15,96,90,14.0
392,El Playon,CO,2021-11-12 22:32:37,7.4713,-73.2031,80.87,94,32,4.68
393,Alice Springs,AU,2021-11-12 22:32:37,-23.7,133.8833,58.55,58,0,4.61
394,Karratha,AU,2021-11-12 22:32:37,-20.7377,116.8463,77.22,34,79,8.99
395,Okhtyrka,UA,2021-11-12 22:32:38,50.3104,34.8988,36.12,94,70,7.9
396,Lewistown,US,2021-11-12 22:32:38,40.5992,-77.5714,54.39,46,1,0.0
397,Valbom,PT,2021-11-12 22:32:39,41.1325,-8.5641,53.42,88,20,5.01
398,Raudeberg,NO,2021-11-12 22:32:39,61.9875,5.1352,43.47,50,100,3.24
399,Valle De Allende,MX,2021-11-12 22:32:40,26.9333,-105.4,72.99,27,0,10.78
400,Gvarv,NO,2021-11-12 22:32:40,59.3875,9.1737,42.28,98,100,5.79
401,Hammerfest,NO,2021-11-12 22:32:41,70.6634,23.6821,30.65,80,90,16.11
402,Khandyga,RU,2021-11-12 22:32:41,62.6667,135.6,9.39,97,100,2.51
403,Nchelenge,ZM,2021-11-12 22:32:42,-9.3451,28.734,75.56,67,86,4.03
404,Nunoa,PE,2021-11-12 22:32:42,-14.48,-70.6411,48.0,73,100,4.29
405,Cabo San Lucas,MX,2021-11-12 22:31:05,22.8909,-109.9124,86.61,70,20,1.01
406,Victor Harbor,AU,2021-11-12 22:32:43,-35.5667,138.6167,58.8,56,100,4.0
407,Sechura,PE,2021-11-12 22:32:43,-5.5569,-80.8222,70.11,64,67,16.13
408,Bambous Virieux,MU,2021-11-12 22:32:44,-20.3428,57.7575,73.22,88,20,4.61
409,Caraquet,CA,2021-11-12 22:31:12,47.7941,-64.9386,39.74,79,100,12.8
410,Evensk,RU,2021-11-12 22:32:44,61.95,159.2333,31.69,95,100,5.75
411,Labuhan,ID,2021-11-12 22:32:44,-6.8844,112.2051,79.12,82,100,10.36
412,Tuatapere,NZ,2021-11-12 22:32:45,-46.1333,167.6833,51.4,97,100,5.59
413,Kayerkan,RU,2021-11-12 22:32:45,69.3497,87.7602,8.91,85,100,17.38
414,Cunha,BR,2021-11-12 22:32:46,-23.0744,-44.9597,59.74,97,100,4.72
415,Mariental,NA,2021-11-12 22:32:46,-24.6333,17.9667,78.13,20,37,9.69
416,Bar,UA,2021-11-12 22:32:46,49.0772,27.6826,38.12,90,3,3.62
417,Lerwick,GB,2021-11-12 22:32:47,60.1545,-1.1494,50.0,93,99,8.3
418,Birin,NP,2021-11-12 22:32:47,26.8865,88.0718,48.43,81,32,4.61
419,Chapais,CA,2021-11-12 22:32:48,49.7834,-74.8492,35.38,96,100,8.99
420,Weyburn,CA,2021-11-12 22:32:48,49.6668,-103.8511,18.18,79,88,5.75
421,Coihaique,CL,2021-11-12 22:29:16,-45.5752,-72.0662,62.55,55,75,6.91
422,Shizunai,JP,2021-11-12 22:32:49,42.3339,142.3669,46.17,70,86,18.45
423,Trairi,BR,2021-11-12 22:30:51,-3.2778,-39.2689,80.82,76,6,11.43
424,Aromashevo,RU,2021-11-12 22:32:49,56.8602,68.6375,24.53,92,86,11.16
425,Arlit,NE,2021-11-12 22:32:50,18.7369,7.3853,80.83,15,98,7.38
426,Tynda,RU,2021-11-12 22:32:50,55.1667,124.7167,7.81,94,31,3.47
427,Santa,PH,2021-11-12 22:32:51,17.486,120.4348,77.02,81,67,5.23
428,Ambilobe,MG,2021-11-12 22:32:51,-13.2,49.05,73.45,85,31,5.86
429,Buturlino,RU,2021-11-12 22:32:52,55.5667,44.8974,30.83,97,100,10.18
430,Campbell River,CA,2021-11-12 22:31:13,50.0163,-125.2446,58.53,72,40,1.01
431,Seoul,KR,2021-11-12 22:30:22,37.5683,126.9778,31.51,90,0,1.14
432,Rabo De Peixe,PT,2021-11-12 22:32:52,37.8,-25.5833,69.28,82,77,16.26
433,Joigny,FR,2021-11-12 22:32:53,47.9829,3.401,46.81,90,13,7.81
434,Rieti,IT,2021-11-12 22:32:53,42.4072,12.8592,55.53,87,99,9.22
435,Lanigan,CA,2021-11-12 22:32:53,51.8501,-105.0344,16.09,82,100,12.73
436,Taldan,RU,2021-11-12 22:32:54,53.6667,124.8,20.68,60,52,4.99
437,Otane,NZ,2021-11-12 22:32:54,-39.8833,176.6333,74.39,72,100,6.49
438,Jimenez,MX,2021-11-12 22:32:55,28.3333,-105.4,79.54,18,0,8.9
439,Chernyshevskiy,RU,2021-11-12 22:32:55,63.0128,112.4714,-8.54,99,90,2.3
440,Abaza,RU,2021-11-12 22:32:11,52.655,90.0928,28.17,85,75,6.24
441,Impfondo,CG,2021-11-12 22:32:56,1.6381,18.0667,70.47,96,83,2.46
442,Saint-Leu,RE,2021-11-12 22:32:56,-21.15,55.2833,70.66,91,18,1.99
443,Jasper,US,2021-11-12 22:32:57,37.2001,-94.3502,45.27,49,75,4.0
444,Palana,RU,2021-11-12 22:32:57,59.1167,159.9667,29.57,79,96,6.91
445,Santa Cruz,BO,2021-11-12 22:32:58,-17.8,-63.1667,87.85,55,75,4.61
446,Kalat,PK,2021-11-12 22:32:58,29.0225,66.5916,39.0,28,0,3.02
447,Isla Mujeres,MX,2021-11-12 22:32:59,21.2311,-86.731,80.65,73,96,8.3
448,Whitefish,US,2021-11-12 22:32:59,48.4111,-114.3376,44.38,97,90,0.0
449,Filingue,NE,2021-11-12 22:33:00,14.3521,3.3168,87.01,14,99,6.04
450,Beaverlodge,CA,2021-11-12 22:33:00,55.2166,-119.4361,47.55,47,27,14.79
451,Catalina,US,2021-11-12 22:33:00,32.5056,-110.9211,84.88,15,0,1.99
452,College,US,2021-11-12 22:29:31,64.8569,-147.8028,6.75,80,90,0.0
453,Opuwo,NA,2021-11-12 22:29:02,-18.0607,13.84,73.54,47,69,3.83
454,Portland,US,2021-11-12 22:30:58,45.5234,-122.6762,61.99,95,90,5.01
455,Napanee,CA,2021-11-12 22:30:38,44.2501,-76.9494,48.42,76,1,4.94
456,Hit,IQ,2021-11-12 22:33:01,33.6416,42.8251,58.1,46,0,2.64
457,Grand Forks,US,2021-11-12 22:33:02,47.9417,-97.4337,29.93,83,90,19.57
458,Yarmouth,US,2021-11-12 22:33:02,41.7057,-70.2286,63.64,93,90,11.99
459,Kamenka,RU,2021-11-12 22:33:03,51.3223,42.7678,36.18,84,83,15.59
460,Haines Junction,CA,2021-11-12 22:33:03,60.7522,-137.5108,19.35,79,100,5.75
461,Hojai,IN,2021-11-12 22:33:04,26.0,92.8667,61.9,93,67,2.75
462,Chambersburg,US,2021-11-12 22:33:04,39.9376,-77.6611,56.17,60,0,1.99
463,Lucea,JM,2021-11-12 22:33:05,18.451,-78.1736,80.46,77,17,2.57
464,Waitati,NZ,2021-11-12 22:33:05,-45.75,170.5667,54.81,66,100,5.7
465,Dryden,CA,2021-11-12 22:33:06,49.7833,-92.7503,28.69,86,90,9.22
466,Kondinskoye,RU,2021-11-12 22:33:06,59.6481,67.41,26.73,93,73,12.62
467,Rudnaya Pristan,RU,2021-11-12 22:33:07,44.3614,135.8116,32.29,59,41,7.36
468,Sucua,EC,2021-11-12 22:33:07,-2.4667,-78.1667,74.14,78,75,4.61
469,Fernandina Beach,US,2021-11-12 22:30:44,30.6697,-81.4626,72.01,84,1,3.44
470,Xaltianguis,MX,2021-11-12 22:33:08,17.0667,-99.8333,78.31,86,18,2.98
471,Enterprise,US,2021-11-12 22:33:08,36.0252,-115.2419,79.77,24,20,3.0
472,Taoudenni,ML,2021-11-12 22:33:09,22.6783,-3.9836,73.22,12,66,6.17
473,Saint-Ambroise,CA,2021-11-12 22:33:09,48.5501,-71.3324,41.54,93,100,10.36
474,Kieta,PG,2021-11-12 22:33:10,-6.2167,155.6333,85.57,68,55,3.53
475,Svay Rieng,KH,2021-11-12 22:33:10,11.0879,105.7993,74.61,91,95,4.94
476,Boralday,KZ,2021-11-12 22:33:11,43.3578,76.8594,31.86,74,20,4.47
477,Saint-Francois,FR,2021-11-12 22:33:11,46.4154,3.9054,36.84,93,25,1.14
478,Sao Miguel Do Araguaia,BR,2021-11-12 22:33:11,-13.275,-50.1628,72.05,90,100,0.94
479,Le Port,RE,2021-11-12 22:33:12,-20.9373,55.2919,71.6,91,31,6.64
480,Turukhansk,RU,2021-11-12 22:33:12,65.8167,87.9833,10.65,83,100,16.13
481,Keti Bandar,PK,2021-11-12 22:33:13,24.1447,67.4497,78.15,44,0,9.13
482,Kathu,TH,2021-11-12 22:33:13,7.9178,98.3332,81.7,99,97,3.85
483,Knysna,ZA,2021-11-12 22:33:14,-34.0363,23.0471,60.22,88,73,3.85
484,Riyadh,SA,2021-11-12 22:31:41,24.6877,46.7219,66.34,24,60,6.08
485,Port Lincoln,AU,2021-11-12 22:31:13,-34.7333,135.8667,55.98,68,91,7.54
486,Prince Rupert,CA,2021-11-12 22:33:14,54.3161,-130.3201,49.69,84,90,9.22
487,Nouakchott,MR,2021-11-12 22:33:15,18.0858,-15.9785,75.13,55,48,9.89
488,Kirkenes,NO,2021-11-12 22:33:15,69.7271,30.0458,19.62,92,0,4.61
489,Puertollano,ES,2021-11-12 22:33:16,38.6871,-4.1073,49.15,70,9,2.91
490,Kishapu,TZ,2021-11-12 22:33:16,-3.6167,33.8667,76.89,37,58,16.22
491,Samarai,PG,2021-11-12 22:33:16,-10.6167,150.6667,83.44,74,100,2.48
492,Bridlington,GB,2021-11-12 22:33:17,54.0831,-0.1919,53.78,85,89,19.33
493,Kamaishi,JP,2021-11-12 22:33:17,39.2667,141.8833,49.41,73,71,5.91
494,Kochi,IN,2021-11-12 22:33:18,9.9399,76.2602,73.38,90,98,7.14
495,Manzhouli,CN,2021-11-12 22:33:18,49.6,117.4333,26.47,88,55,16.55
496,Chake Chake,TZ,2021-11-12 22:33:19,-5.2459,39.7666,76.46,85,32,5.59
497,Qui Nhon,VN,2021-11-12 22:33:19,13.7667,109.2333,76.03,94,100,11.27
498,Bam,IR,2021-11-12 22:33:19,29.106,58.357,60.19,26,0,5.37
499,Padang,ID,2021-11-12 22:33:20,-0.9492,100.3543,75.25,87,100,3.53
500,Bac Lieu,VN,2021-11-12 22:33:20,9.285,105.7244,78.24,89,100,13.42
501,Saint-Georges,GD,2021-11-12 22:31:53,12.0564,-61.7485,82.08,78,20,10.36
502,Tabuk,PH,2021-11-12 22:33:21,17.4189,121.4443,73.33,93,85,1.1
503,San Quintin,MX,2021-11-12 22:33:21,30.4833,-115.95,78.53,30,22,7.99
504,Lata,PT,2021-11-12 22:33:22,40.1629,-8.3327,48.07,78,7,2.91
505,Fraga,ES,2021-11-12 22:33:22,41.5229,0.3489,49.57,82,55,4.41
506,Fort Frances,CA,2021-11-12 22:32:10,48.5999,-93.4003,32.22,69,90,13.8
507,Hualmay,PE,2021-11-12 22:33:23,-11.0964,-77.6139,65.84,77,96,12.57
508,Srednekolymsk,RU,2021-11-12 22:33:23,67.45,153.6833,0.39,98,100,3.94
509,Chingola,ZM,2021-11-12 22:33:24,-12.529,27.8838,67.75,63,95,1.12
510,Angoche,MZ,2021-11-12 22:33:24,-16.2325,39.9086,77.22,90,50,6.33
511,Sanchazi,CN,2021-11-12 22:33:24,42.0817,126.6003,25.14,70,3,3.83
512,Kadoma,JP,2021-11-12 22:33:25,34.7333,135.5833,49.95,81,20,2.3
513,Barcelos,PT,2021-11-12 22:33:25,41.5388,-8.6151,53.85,77,21,4.72
514,Broome,US,2021-11-12 22:33:26,42.2506,-75.833,48.79,65,37,3.0
515,Butzow,DE,2021-11-12 22:33:26,53.85,11.9833,45.09,87,100,8.1
516,Datong,CN,2021-11-12 22:33:27,40.0936,113.2914,23.56,81,3,0.98
517,Ixtapa,MX,2021-11-12 22:33:27,20.7,-105.2,83.43,70,1,10.36
518,Kirakira,SB,2021-11-12 22:33:27,-10.4544,161.9205,86.4,68,24,7.45
519,Sept-Iles,CA,2021-11-12 22:33:28,50.2001,-66.3821,35.06,71,90,11.01
520,Show Low,US,2021-11-12 22:33:28,34.2542,-110.0298,63.28,27,1,10.36
521,Port Augusta,AU,2021-11-12 22:33:29,-32.5,137.7667,55.54,74,43,6.2
522,Banda Aceh,ID,2021-11-12 22:33:29,5.5577,95.3222,78.03,82,100,11.1
523,Mitsamiouli,KM,2021-11-12 22:33:29,-11.3847,43.2844,79.75,78,30,8.57
524,Behshahr,IR,2021-11-12 22:33:30,36.6923,53.5526,51.31,84,99,0.85
525,Viedma,AR,2021-11-12 22:33:30,-40.8135,-62.9967,74.43,50,77,13.4
526,Te Anau,NZ,2021-11-12 22:33:31,-45.4167,167.7167,50.25,96,100,2.82
527,Saint-Joseph,RE,2021-11-12 22:33:31,-21.3667,55.6167,70.18,80,34,5.61
528,Camacha,PT,2021-11-12 22:33:31,33.0833,-16.3333,63.82,59,40,5.75
529,Aykhal,RU,2021-11-12 22:33:32,66.0,111.5,-10.1,96,97,3.58
530,Castel San Giovanni,IT,2021-11-12 22:33:32,45.0583,9.4335,50.7,87,14,2.13
531,Kalispell,US,2021-11-12 22:33:33,48.1958,-114.3129,44.67,97,90,0.0
532,Rio Gallegos,AR,2021-11-12 22:33:33,-51.6226,-69.2181,60.85,36,20,11.5
533,Amarante Do Maranhao,BR,2021-11-12 22:33:34,-5.5667,-46.7422,76.14,82,74,1.41
534,Bud,US,2021-11-12 22:33:34,39.447,-86.1758,44.89,63,85,14.52
535,Okhotsk,RU,2021-11-12 22:33:35,59.3833,143.3,33.03,99,100,8.68
536,Klaksvik,FO,2021-11-12 22:33:35,62.2266,-6.589,47.32,90,100,27.2
537,Beringovskiy,RU,2021-11-12 22:33:35,63.05,179.3167,21.0,87,94,3.0
538,Kandalaksha,RU,2021-11-12 22:33:36,67.162,32.4123,20.66,93,21,4.45
539,Bac Ninh,VN,2021-11-12 22:33:36,21.1833,106.05,68.09,61,100,11.41
540,Caravelas,BR,2021-11-12 22:33:36,-17.7125,-39.2481,70.48,92,100,15.73
541,Nargana,PA,2021-11-12 22:33:37,9.4428,-78.5906,81.12,81,38,7.27
542,Qovlar,AZ,2021-11-12 22:33:37,40.948,45.735,36.45,75,8,3.6
543,Vanavara,RU,2021-11-12 22:33:38,60.34,102.2797,0.21,100,94,1.83
544,Hay River,CA,2021-11-12 22:31:05,60.8156,-115.7999,28.38,93,90,10.36
545,Chalons-En-Champagne,FR,2021-11-12 22:33:38,48.9539,4.3672,49.1,97,4,8.9
546,Furth,DE,2021-11-12 22:33:39,49.4759,10.9886,39.18,88,90,8.05
547,Fort Nelson,CA,2021-11-12 22:31:13,58.8053,-122.7002,17.19,93,90,2.3
548,Clyde River,CA,2021-11-12 22:33:39,70.4692,-68.5914,12.43,100,75,19.57
549,Almaznyy,RU,2021-11-12 22:33:40,48.0448,40.045,39.34,77,62,9.62
550,Sola,VU,2021-11-12 22:33:40,-13.8833,167.55,82.09,74,46,11.39
551,Albert,FR,2021-11-12 22:33:41,50.0009,2.651,52.79,93,90,11.5
552,Westport,US,2021-11-12 22:33:41,41.1415,-73.3579,59.95,94,1,4.0
553,Saint-Gaudens,FR,2021-11-12 22:33:42,43.0833,0.6667,55.13,95,69,2.64
554,Choya,RU,2021-11-12 22:33:42,52.0108,86.5467,27.34,94,98,2.44
555,Villanueva De La Serena,ES,2021-11-12 22:33:42,38.9766,-5.7974,57.83,69,1,1.45
556,Port-Gentil,GA,2021-11-12 22:33:43,-0.7193,8.7815,78.76,89,40,6.91
557,Roald,NO,2021-11-12 22:33:43,62.5833,6.1333,42.33,75,0,12.66
558,Coolum Beach,AU,2021-11-12 22:33:44,-26.5333,153.1,70.11,51,79,11.61
559,Pine Bluff,US,2021-11-12 22:33:44,34.2284,-92.0032,58.95,54,1,15.01
560,Pellerd,HU,2021-11-12 22:33:45,46.0344,18.154,41.04,100,90,1.14
561,Spassk,RU,2021-11-12 22:33:45,52.747,87.7545,32.95,88,100,9.78
562,Narkanda,IN,2021-11-12 22:33:45,31.2548,77.4613,32.56,42,0,4.61
563,Korla,CN,2021-11-12 22:33:46,41.7597,86.1469,30.02,38,0,3.22
564,Chulym,RU,2021-11-12 22:33:46,55.0997,80.9572,31.21,97,100,13.67
565,Kumba,CM,2021-11-12 22:33:47,4.6363,9.4469,72.82,96,95,1.77
566,Mareeba,AU,2021-11-12 22:33:47,-17.0,145.4333,82.44,79,81,3.49
567,Moshenskoye,RU,2021-11-12 22:33:47,58.5102,34.5911,37.42,95,100,10.42
568,Mersing,MY,2021-11-12 22:33:48,2.4312,103.8405,75.11,94,100,2.3
569,Ayan,RU,2021-11-12 22:33:48,56.45,138.1667,23.88,87,100,14.12
570,Wuwei,CN,2021-11-12 22:33:49,37.9281,102.6414,30.65,37,11,3.56
571,Medowie,AU,2021-11-12 22:33:49,-32.7333,151.8667,66.09,46,40,36.82
572,Tygda,RU,2021-11-12 22:33:49,53.1167,126.3333,22.24,60,86,5.21
573,Sungairaya,ID,2021-11-12 22:33:50,0.7,108.9,73.08,94,100,4.88
574,Gat,IL,2021-11-12 22:33:50,31.61,34.7642,74.08,25,82,4.16
575,Celestun,MX,2021-11-12 22:33:51,20.8667,-90.4,79.12,75,94,13.96
576,Miramar,US,2021-11-12 22:33:51,25.9873,-80.2323,80.02,82,1,5.75
577,Kjollefjord,NO,2021-11-12 22:33:52,70.9457,27.3465,21.02,73,0,12.66
578,San Felipe,VE,2021-11-12 22:33:52,10.3399,-68.7425,72.48,96,52,3.65
579,Hambantota,LK,2021-11-12 22:33:52,6.1241,81.1185,78.22,82,72,14.65
580,Mani,CO,2021-11-12 22:33:53,4.8172,-72.2886,80.02,57,84,5.64
581,Wonosobo,ID,2021-11-12 22:33:53,-7.36,109.9025,66.0,100,99,0.27
